Stock1,Stock2,Correlation
ADANIENT,ADANIPORTS,0.8741647514664254
ADANIENT,APOLLOHOSP,0.13650474819460381
ADANIENT,ASIANPAINT,0.29151771397424847
ADANIENT,AXISBANK,0.2977394729865009
ADANIENT,BAJAJAUTO,0.2018038516117575
ADANIENT,BAJAJFINSV,0.3565503331351157
ADANIENT,BAJFINANCE,0.3360070842551584
ADANIENT,BEL,0.5224861134551475
ADANIENT,BHARTIARTL,0.28272538886723586
ADANIENT,BPCL,0.45519579782970265
ADANIENT,BRITANNIA,0.13066259650051482
ADANIENT,CIPLA,0.09425216891485919
ADANIENT,COALINDIA,0.4944852824166499
ADANIENT,DRREDDY,0.16456005309872573
ADANIENT,EICHERMOT,0.33158716489835655
ADANIENT,GRASIM,0.34442542432183126
ADANIENT,HCLTECH,0.1399043849909832
ADANIENT,HDFCBANK,0.3381138311321491
ADANIENT,HDFCLIFE,0.21684524892530319
ADANIENT,HEROMOTOCO,0.20854210686383104
ADANIENT,HINDALCO,0.3049504821140281
ADANIENT,HINDUNILVR,-0.0007943099851751263
ADANIENT,ICICIBANK,0.39451363005823004
ADANIENT,INDUSINDBK,0.39128007195110726
ADANIENT,INFY,0.11515889672219483
ADANIENT,ITC,0.24580794533178735
ADANIENT,JSWSTEEL,0.40564107652221193
ADANIENT,KOTAKBANK,0.2437556756746503
ADANIENT,LT,0.4831252471636871
ADANIENT,M&M,0.3044212888150889
ADANIENT,MARUTI,0.31566261792654
ADANIENT,NESTLEIND,0.11501961120855757
ADANIENT,NTPC,0.5458632112549466
ADANIENT,ONGC,0.48488157051621705
ADANIENT,POWERGRID,0.4038337737282253
ADANIENT,RELIANCE,0.48709447946150475
ADANIENT,SBILIFE,0.2891938320594401
ADANIENT,SBIN,0.5446404579080671
ADANIENT,SHRIRAMFIN,0.4102529505227779
ADANIENT,SUNPHARMA,0.16620393012470047
ADANIENT,TATACONSUM,0.20385355592900953
ADANIENT,TATAMOTORS,0.32405991049300753
ADANIENT,TATASTEEL,0.4235623531110954
ADANIENT,TCS,0.11580189705955962
ADANIENT,TECHM,0.1416779855747115
ADANIENT,TITAN,0.2832846441676709
ADANIENT,TRENT,0.190262150146349
ADANIENT,ULTRACEMCO,0.3611014897452306
ADANIENT,WIPRO,0.22399033663248627
ADANIPORTS,APOLLOHOSP,0.16915331523266677
ADANIPORTS,ASIANPAINT,0.27374874870222177
ADANIPORTS,AXISBANK,0.3805712209641333
ADANIPORTS,BAJAJAUTO,0.20481419654467037
ADANIPORTS,BAJAJFINSV,0.39804687810388234
ADANIPORTS,BAJFINANCE,0.3986000535115879
ADANIPORTS,BEL,0.5857772784634695
ADANIPORTS,BHARTIARTL,0.31681954628501324
ADANIPORTS,BPCL,0.49526816097266224
ADANIPORTS,BRITANNIA,0.13348252913471745
ADANIPORTS,CIPLA,0.09131124445267004
ADANIPORTS,COALINDIA,0.5463137630344929
ADANIPORTS,DRREDDY,0.16108265862229035
ADANIPORTS,EICHERMOT,0.2698537388775698
ADANIPORTS,GRASIM,0.3562891659969247
ADANIPORTS,HCLTECH,0.15297662296860903
ADANIPORTS,HDFCBANK,0.37540778723689106
ADANIPORTS,HDFCLIFE,0.2471285584073091
ADANIPORTS,HEROMOTOCO,0.20281060372835144
ADANIPORTS,HINDALCO,0.3379204528484261
ADANIPORTS,HINDUNILVR,0.0023871495736773425
ADANIPORTS,ICICIBANK,0.4424587754153716
ADANIPORTS,INDUSINDBK,0.42213030329019385
ADANIPORTS,INFY,0.14963721145653733
ADANIPORTS,ITC,0.2738441099240566
ADANIPORTS,JSWSTEEL,0.4347300722724926
ADANIPORTS,KOTAKBANK,0.3058500565052829
ADANIPORTS,LT,0.5140459664257662
ADANIPORTS,M&M,0.3196535717925994
ADANIPORTS,MARUTI,0.30239382367015255
ADANIPORTS,NESTLEIND,0.0878646277468295
ADANIPORTS,NTPC,0.6105698079113644
ADANIPORTS,ONGC,0.5219035275191213
ADANIPORTS,POWERGRID,0.5118451527258663
ADANIPORTS,RELIANCE,0.5127776521633396
ADANIPORTS,SBILIFE,0.2847167037569949
ADANIPORTS,SBIN,0.5796197020403909
ADANIPORTS,SHRIRAMFIN,0.47003183997781184
ADANIPORTS,SUNPHARMA,0.2162153422672482
ADANIPORTS,TATACONSUM,0.22073534648769208
ADANIPORTS,TATAMOTORS,0.3393806276763535
ADANIPORTS,TATASTEEL,0.4660923564957121
ADANIPORTS,TCS,0.13260655136534347
ADANIPORTS,TECHM,0.1483061507230247
ADANIPORTS,TITAN,0.29617340671792314
ADANIPORTS,TRENT,0.20151946431952075
ADANIPORTS,ULTRACEMCO,0.4026650274189377
ADANIPORTS,WIPRO,0.23920198338431312
APOLLOHOSP,ASIANPAINT,0.25761821025723397
APOLLOHOSP,AXISBANK,0.17949374595023565
APOLLOHOSP,BAJAJAUTO,0.224461356328089
APOLLOHOSP,BAJAJFINSV,0.2494070512411633
APOLLOHOSP,BAJFINANCE,0.22291372526163244
APOLLOHOSP,BEL,0.22508988175604605
APOLLOHOSP,BHARTIARTL,0.23738445086057605
APOLLOHOSP,BPCL,0.17539707635602544
APOLLOHOSP,BRITANNIA,0.2318256674247308
APOLLOHOSP,CIPLA,0.23135236479732565
APOLLOHOSP,COALINDIA,0.24381994188968012
APOLLOHOSP,DRREDDY,0.23558305185830777
APOLLOHOSP,EICHERMOT,0.2907085016772425
APOLLOHOSP,GRASIM,0.25851792868316237
APOLLOHOSP,HCLTECH,0.2796191364883503
APOLLOHOSP,HDFCBANK,0.11045287568757398
APOLLOHOSP,HDFCLIFE,0.1417833406719481
APOLLOHOSP,HEROMOTOCO,0.24859092595762794
APOLLOHOSP,HINDALCO,0.06288277374291511
APOLLOHOSP,HINDUNILVR,0.1078581609097677
APOLLOHOSP,ICICIBANK,0.16472146524816692
APOLLOHOSP,INDUSINDBK,0.12879456874573045
APOLLOHOSP,INFY,0.12203836209401432
APOLLOHOSP,ITC,0.17415813867996086
APOLLOHOSP,JSWSTEEL,0.27629165683886087
APOLLOHOSP,KOTAKBANK,0.1398291483533724
APOLLOHOSP,LT,0.23604521149142355
APOLLOHOSP,M&M,0.25155624526887366
APOLLOHOSP,MARUTI,0.19414675134680426
APOLLOHOSP,NESTLEIND,0.22443955980723723
APOLLOHOSP,NTPC,0.19450660192171235
APOLLOHOSP,ONGC,0.1739113199813382
APOLLOHOSP,POWERGRID,0.17892418527394052
APOLLOHOSP,RELIANCE,0.23483017633714723
APOLLOHOSP,SBILIFE,0.16088073675302952
APOLLOHOSP,SBIN,0.1831575182183427
APOLLOHOSP,SHRIRAMFIN,0.2920588946568988
APOLLOHOSP,SUNPHARMA,0.2867512589236732
APOLLOHOSP,TATACONSUM,0.09683748777787606
APOLLOHOSP,TATAMOTORS,0.2125992671438916
APOLLOHOSP,TATASTEEL,0.2548315546522182
APOLLOHOSP,TCS,0.10712463120467555
APOLLOHOSP,TECHM,0.16951926703745848
APOLLOHOSP,TITAN,0.25338769308911735
APOLLOHOSP,TRENT,0.09043591259013443
APOLLOHOSP,ULTRACEMCO,0.27328960272335157
APOLLOHOSP,WIPRO,0.22407151171601003
ASIANPAINT,AXISBANK,0.1259155129571879
ASIANPAINT,BAJAJAUTO,0.16695725372878478
ASIANPAINT,BAJAJFINSV,0.24800035155029468
ASIANPAINT,BAJFINANCE,0.2970029777317268
ASIANPAINT,BEL,0.15636701042094628
ASIANPAINT,BHARTIARTL,0.14623642402570974
ASIANPAINT,BPCL,0.2153074222995142
ASIANPAINT,BRITANNIA,0.42671846986528805
ASIANPAINT,CIPLA,0.14674387483055387
ASIANPAINT,COALINDIA,0.19464616558774728
ASIANPAINT,DRREDDY,0.14978464769919458
ASIANPAINT,EICHERMOT,0.257407999509633
ASIANPAINT,GRASIM,0.3439909969520954
ASIANPAINT,HCLTECH,0.11695109368140183
ASIANPAINT,HDFCBANK,0.2640834785056102
ASIANPAINT,HDFCLIFE,0.20587733760059224
ASIANPAINT,HEROMOTOCO,0.17964990174056883
ASIANPAINT,HINDALCO,0.21192373340106194
ASIANPAINT,HINDUNILVR,0.269840202661052
ASIANPAINT,ICICIBANK,0.15839572238682811
ASIANPAINT,INDUSINDBK,0.1810489845622056
ASIANPAINT,INFY,0.10396042885716955
ASIANPAINT,ITC,0.2753886902616747
ASIANPAINT,JSWSTEEL,0.33323641500518847
ASIANPAINT,KOTAKBANK,0.181127474757994
ASIANPAINT,LT,0.22288576204970964
ASIANPAINT,M&M,0.13946641144651167
ASIANPAINT,MARUTI,0.26022738131622314
ASIANPAINT,NESTLEIND,0.2825597619461852
ASIANPAINT,NTPC,0.22162694020024964
ASIANPAINT,ONGC,0.12838799404648746
ASIANPAINT,POWERGRID,0.1111560002832891
ASIANPAINT,RELIANCE,0.2947932003691905
ASIANPAINT,SBILIFE,0.22014577550507064
ASIANPAINT,SBIN,0.10754929713078026
ASIANPAINT,SHRIRAMFIN,0.20216456630421709
ASIANPAINT,SUNPHARMA,0.2015093514309076
ASIANPAINT,TATACONSUM,0.2441165574580474
ASIANPAINT,TATAMOTORS,0.10558553942272828
ASIANPAINT,TATASTEEL,0.2868784726781855
ASIANPAINT,TCS,0.16642110824512002
ASIANPAINT,TECHM,0.16253097194397487
ASIANPAINT,TITAN,0.3072967800018095
ASIANPAINT,TRENT,0.2220037205389601
ASIANPAINT,ULTRACEMCO,0.280191982504286
ASIANPAINT,WIPRO,0.140270938859425
AXISBANK,BAJAJAUTO,0.19860974882895396
AXISBANK,BAJAJFINSV,0.39369535787609683
AXISBANK,BAJFINANCE,0.35399888906892674
AXISBANK,BEL,0.3305756545036284
AXISBANK,BHARTIARTL,0.2387060290755297
AXISBANK,BPCL,0.22304388672849798
AXISBANK,BRITANNIA,0.13082010662512963
AXISBANK,CIPLA,0.08535771837644465
AXISBANK,COALINDIA,0.3326226054074728
AXISBANK,DRREDDY,0.09152408976756402
AXISBANK,EICHERMOT,0.28624908695502915
AXISBANK,GRASIM,0.36711738655431253
AXISBANK,HCLTECH,0.10766248895993884
AXISBANK,HDFCBANK,0.4249763322117955
AXISBANK,HDFCLIFE,0.25151758965720994
AXISBANK,HEROMOTOCO,0.1727163237027072
AXISBANK,HINDALCO,0.22746071208852617
AXISBANK,HINDUNILVR,0.009848952879787102
AXISBANK,ICICIBANK,0.6367671378723158
AXISBANK,INDUSINDBK,0.33950607611671507
AXISBANK,INFY,0.08659339905089224
AXISBANK,ITC,0.27504010774096443
AXISBANK,JSWSTEEL,0.36602689753909134
AXISBANK,KOTAKBANK,0.29205282706712643
AXISBANK,LT,0.3521304126156259
AXISBANK,M&M,0.235665209220218
AXISBANK,MARUTI,0.26040501096327734
AXISBANK,NESTLEIND,0.10035717125699879
AXISBANK,NTPC,0.39487018990232264
AXISBANK,ONGC,0.31351563425456797
AXISBANK,POWERGRID,0.2947765990159495
AXISBANK,RELIANCE,0.4234890660534864
AXISBANK,SBILIFE,0.1831149614631461
AXISBANK,SBIN,0.516158649324844
AXISBANK,SHRIRAMFIN,0.4486116203739765
AXISBANK,SUNPHARMA,0.14416206745860297
AXISBANK,TATACONSUM,0.13979545562607987
AXISBANK,TATAMOTORS,0.2322225343959593
AXISBANK,TATASTEEL,0.3709934113147232
AXISBANK,TCS,0.09476486707263808
AXISBANK,TECHM,0.13659822623336837
AXISBANK,TITAN,0.14595616225543995
AXISBANK,TRENT,0.19986544251462718
AXISBANK,ULTRACEMCO,0.39708008134173
AXISBANK,WIPRO,0.2079036580466938
BAJAJAUTO,BAJAJFINSV,0.237626568142125
BAJAJAUTO,BAJFINANCE,0.17815653936909512
BAJAJAUTO,BEL,0.23425024514662796
BAJAJAUTO,BHARTIARTL,0.2630149122217079
BAJAJAUTO,BPCL,0.21618294326396303
BAJAJAUTO,BRITANNIA,0.09489051012206745
BAJAJAUTO,CIPLA,0.044025592943578745
BAJAJAUTO,COALINDIA,0.22621555087828388
BAJAJAUTO,DRREDDY,0.10514838893782978
BAJAJAUTO,EICHERMOT,0.27673824053237445
BAJAJAUTO,GRASIM,0.20123425376837506
BAJAJAUTO,HCLTECH,0.12540668898941984
BAJAJAUTO,HDFCBANK,0.18251607006975756
BAJAJAUTO,HDFCLIFE,0.19202501819307577
BAJAJAUTO,HEROMOTOCO,0.40736452150425756
BAJAJAUTO,HINDALCO,0.21728608447702177
BAJAJAUTO,HINDUNILVR,0.12490666851670751
BAJAJAUTO,ICICIBANK,0.10925095202055836
BAJAJAUTO,INDUSINDBK,0.20545062545172008
BAJAJAUTO,INFY,-0.002795457299146092
BAJAJAUTO,ITC,0.140580916236477
BAJAJAUTO,JSWSTEEL,0.22383516894308114
BAJAJAUTO,KOTAKBANK,0.08268572873524589
BAJAJAUTO,LT,0.17602195376096094
BAJAJAUTO,M&M,0.27250693878309384
BAJAJAUTO,MARUTI,0.34200503772204005
BAJAJAUTO,NESTLEIND,0.17896797981089155
BAJAJAUTO,NTPC,0.20315829315835657
BAJAJAUTO,ONGC,0.18824761552751854
BAJAJAUTO,POWERGRID,0.16917772985769308
BAJAJAUTO,RELIANCE,0.24706952991955433
BAJAJAUTO,SBILIFE,0.19044554165463323
BAJAJAUTO,SBIN,0.1553560505742292
BAJAJAUTO,SHRIRAMFIN,0.3015780493822798
BAJAJAUTO,SUNPHARMA,0.15105146745941422
BAJAJAUTO,TATACONSUM,0.18528312647897394
BAJAJAUTO,TATAMOTORS,0.2950000483764867
BAJAJAUTO,TATASTEEL,0.28378061624363726
BAJAJAUTO,TCS,0.01809633098328511
BAJAJAUTO,TECHM,0.03863992998003801
BAJAJAUTO,TITAN,0.20107575158481722
BAJAJAUTO,TRENT,0.22471943189819185
BAJAJAUTO,ULTRACEMCO,0.2638834987591254
BAJAJAUTO,WIPRO,0.10311616153587515
BAJAJFINSV,BAJFINANCE,0.7486670601605812
BAJAJFINSV,BEL,0.3462022546289119
BAJAJFINSV,BHARTIARTL,0.25761283436240123
BAJAJFINSV,BPCL,0.3452663226647992
BAJAJFINSV,BRITANNIA,0.2254946566476059
BAJAJFINSV,CIPLA,0.13596349340972416
BAJAJFINSV,COALINDIA,0.2797540768237385
BAJAJFINSV,DRREDDY,0.25777579129189576
BAJAJFINSV,EICHERMOT,0.24136601234469482
BAJAJFINSV,GRASIM,0.4350716133990145
BAJAJFINSV,HCLTECH,0.2678118342838696
BAJAJFINSV,HDFCBANK,0.3187219119753169
BAJAJFINSV,HDFCLIFE,0.34736400839135956
BAJAJFINSV,HEROMOTOCO,0.23621483626302828
BAJAJFINSV,HINDALCO,0.29625587581981777
BAJAJFINSV,HINDUNILVR,0.13945596509194802
BAJAJFINSV,ICICIBANK,0.4153825094141619
BAJAJFINSV,INDUSINDBK,0.4228615915319077
BAJAJFINSV,INFY,0.24136727020573284
BAJAJFINSV,ITC,0.30365116968472594
BAJAJFINSV,JSWSTEEL,0.447523281064494
BAJAJFINSV,KOTAKBANK,0.273111733752126
BAJAJFINSV,LT,0.3990039365100747
BAJAJFINSV,M&M,0.3376011893757116
BAJAJFINSV,MARUTI,0.32928856955714064
BAJAJFINSV,NESTLEIND,0.2737500307657313
BAJAJFINSV,NTPC,0.3912042718424085
BAJAJFINSV,ONGC,0.3057523410136287
BAJAJFINSV,POWERGRID,0.30700829557116305
BAJAJFINSV,RELIANCE,0.4072126845452668
BAJAJFINSV,SBILIFE,0.4057288846189951
BAJAJFINSV,SBIN,0.41985125061543105
BAJAJFINSV,SHRIRAMFIN,0.46876694241647465
BAJAJFINSV,SUNPHARMA,0.21322483391903094
BAJAJFINSV,TATACONSUM,0.30451237646241014
BAJAJFINSV,TATAMOTORS,0.2801875923560746
BAJAJFINSV,TATASTEEL,0.45658054911069257
BAJAJFINSV,TCS,0.23486526746993724
BAJAJFINSV,TECHM,0.20430029464063962
BAJAJFINSV,TITAN,0.3295361363502692
BAJAJFINSV,TRENT,0.20105816941007118
BAJAJFINSV,ULTRACEMCO,0.46306856304321564
BAJAJFINSV,WIPRO,0.3066547292162697
BAJFINANCE,BEL,0.31542092669613764
BAJFINANCE,BHARTIARTL,0.2911366681942488
BAJFINANCE,BPCL,0.27232744049223645
BAJFINANCE,BRITANNIA,0.20786859956979753
BAJFINANCE,CIPLA,0.05360261219305048
BAJFINANCE,COALINDIA,0.28005314290150535
BAJFINANCE,DRREDDY,0.08822732832830467
BAJFINANCE,EICHERMOT,0.18931981918148486
BAJFINANCE,GRASIM,0.3687179792428229
BAJFINANCE,HCLTECH,0.18287279356713143
BAJFINANCE,HDFCBANK,0.33150670927662285
BAJFINANCE,HDFCLIFE,0.30702775014151923
BAJFINANCE,HEROMOTOCO,0.17094854107591864
BAJFINANCE,HINDALCO,0.2543605794536065
BAJFINANCE,HINDUNILVR,0.127422674182741
BAJFINANCE,ICICIBANK,0.3497126522428903
BAJFINANCE,INDUSINDBK,0.40632698640438975
BAJFINANCE,INFY,0.1972457821613747
BAJFINANCE,ITC,0.3043270807220384
BAJFINANCE,JSWSTEEL,0.3907536490935932
BAJFINANCE,KOTAKBANK,0.3158677573337274
BAJFINANCE,LT,0.3787992762042122
BAJFINANCE,M&M,0.26753290255161655
BAJFINANCE,MARUTI,0.2811802534932846
BAJFINANCE,NESTLEIND,0.24694941832407635
BAJFINANCE,NTPC,0.32799523544841647
BAJFINANCE,ONGC,0.3161373217483201
BAJFINANCE,POWERGRID,0.24477421046782769
BAJFINANCE,RELIANCE,0.41325568530427176
BAJFINANCE,SBILIFE,0.33499030862273355
BAJFINANCE,SBIN,0.39748026324246843
BAJFINANCE,SHRIRAMFIN,0.4613629522467676
BAJFINANCE,SUNPHARMA,0.13687336621565452
BAJFINANCE,TATACONSUM,0.236294297928032
BAJFINANCE,TATAMOTORS,0.21260158016941308
BAJFINANCE,TATASTEEL,0.38152984035748827
BAJFINANCE,TCS,0.17428266293642275
BAJFINANCE,TECHM,0.17312964760248992
BAJFINANCE,TITAN,0.268995871694803
BAJFINANCE,TRENT,0.22851258327192153
BAJFINANCE,ULTRACEMCO,0.43426676538544295
BAJFINANCE,WIPRO,0.23829961003789432
BEL,BHARTIARTL,0.31006834180435827
BEL,BPCL,0.5061555367818505
BEL,BRITANNIA,0.07336313503601345
BEL,CIPLA,0.0828091156587204
BEL,COALINDIA,0.6204145076238362
BEL,DRREDDY,0.13169220894529482
BEL,EICHERMOT,0.28475298720212167
BEL,GRASIM,0.3383364160411828
BEL,HCLTECH,0.22472742547905186
BEL,HDFCBANK,0.3309295228540297
BEL,HDFCLIFE,0.2513930295471554
BEL,HEROMOTOCO,0.08853854269396749
BEL,HINDALCO,0.3761557715376176
BEL,HINDUNILVR,-0.058238738621307067
BEL,ICICIBANK,0.31421871032035337
BEL,INDUSINDBK,0.30798167978020885
BEL,INFY,0.16519491463714486
BEL,ITC,0.23030565166890626
BEL,JSWSTEEL,0.4589835390383559
BEL,KOTAKBANK,0.2664832215303181
BEL,LT,0.5914197035062937
BEL,M&M,0.3701554859645865
BEL,MARUTI,0.22472235903322066
BEL,NESTLEIND,0.06535083866649741
BEL,NTPC,0.608127023288043
BEL,ONGC,0.5724943392373614
BEL,POWERGRID,0.5451424908931018
BEL,RELIANCE,0.4924957803551608
BEL,SBILIFE,0.21014447720167348
BEL,SBIN,0.5803922868162448
BEL,SHRIRAMFIN,0.475759075990483
BEL,SUNPHARMA,0.16446243454170673
BEL,TATACONSUM,0.1759542562733224
BEL,TATAMOTORS,0.3674103851261568
BEL,TATASTEEL,0.520344308294575
BEL,TCS,0.12113842045814667
BEL,TECHM,0.22292499422026496
BEL,TITAN,0.16681103570552344
BEL,TRENT,0.264473778988959
BEL,ULTRACEMCO,0.43586092293533696
BEL,WIPRO,0.2562974696310927
BHARTIARTL,BPCL,0.26565366925071543
BHARTIARTL,BRITANNIA,0.12139721640944892
BHARTIARTL,CIPLA,0.12041568303111837
BHARTIARTL,COALINDIA,0.26746539208500847
BHARTIARTL,DRREDDY,0.1783094361073918
BHARTIARTL,EICHERMOT,0.295350015547892
BHARTIARTL,GRASIM,0.2977029312319745
BHARTIARTL,HCLTECH,0.2592244133372628
BHARTIARTL,HDFCBANK,0.21129920132971247
BHARTIARTL,HDFCLIFE,0.21513900600846886
BHARTIARTL,HEROMOTOCO,0.18473576074152145
BHARTIARTL,HINDALCO,0.2945277244558699
BHARTIARTL,HINDUNILVR,0.15845283161974982
BHARTIARTL,ICICIBANK,0.3671262184922569
BHARTIARTL,INDUSINDBK,0.23091125382778702
BHARTIARTL,INFY,0.28931758546096586
BHARTIARTL,ITC,0.26060168015966145
BHARTIARTL,JSWSTEEL,0.36510412550607824
BHARTIARTL,KOTAKBANK,0.31888594557188366
BHARTIARTL,LT,0.3241005518882243
BHARTIARTL,M&M,0.2928210418157946
BHARTIARTL,MARUTI,0.3480635488692981
BHARTIARTL,NESTLEIND,0.10609124229938556
BHARTIARTL,NTPC,0.36666058114820965
BHARTIARTL,ONGC,0.346676939632107
BHARTIARTL,POWERGRID,0.3119277108843279
BHARTIARTL,RELIANCE,0.3660154846340821
BHARTIARTL,SBILIFE,0.24192575582902073
BHARTIARTL,SBIN,0.29077449543503514
BHARTIARTL,SHRIRAMFIN,0.36119857645753284
BHARTIARTL,SUNPHARMA,0.27321279638805657
BHARTIARTL,TATACONSUM,0.24883627911801756
BHARTIARTL,TATAMOTORS,0.2696604267560075
BHARTIARTL,TATASTEEL,0.3054216360057566
BHARTIARTL,TCS,0.19357475120302373
BHARTIARTL,TECHM,0.2729332936959959
BHARTIARTL,TITAN,0.2759951623016303
BHARTIARTL,TRENT,0.24927640940528972
BHARTIARTL,ULTRACEMCO,0.3546015134835142
BHARTIARTL,WIPRO,0.25964635800795993
BPCL,BRITANNIA,0.020348777518840667
BPCL,CIPLA,0.06577869951531176
BPCL,COALINDIA,0.6026608590262549
BPCL,DRREDDY,0.1798640748878596
BPCL,EICHERMOT,0.24703522948042966
BPCL,GRASIM,0.3485771301509482
BPCL,HCLTECH,0.13965384216912152
BPCL,HDFCBANK,0.2345764517148114
BPCL,HDFCLIFE,0.17925496703449648
BPCL,HEROMOTOCO,0.2295256879327358
BPCL,HINDALCO,0.3472167948901734
BPCL,HINDUNILVR,-0.0014784091826923224
BPCL,ICICIBANK,0.2276287202780436
BPCL,INDUSINDBK,0.35644126665562986
BPCL,INFY,0.1269532893144949
BPCL,ITC,0.1816904931474109
BPCL,JSWSTEEL,0.3666448095411674
BPCL,KOTAKBANK,0.15578143586437118
BPCL,LT,0.46892395516419105
BPCL,M&M,0.2811002397516681
BPCL,MARUTI,0.28884059784417293
BPCL,NESTLEIND,0.059317504448142974
BPCL,NTPC,0.5909738617169833
BPCL,ONGC,0.5954111690526905
BPCL,POWERGRID,0.5316945734734484
BPCL,RELIANCE,0.4811287407032985
BPCL,SBILIFE,0.24033254597455922
BPCL,SBIN,0.525654397853444
BPCL,SHRIRAMFIN,0.38660303227277926
BPCL,SUNPHARMA,0.20617934044621836
BPCL,TATACONSUM,0.1565071268232371
BPCL,TATAMOTORS,0.4158668789271408
BPCL,TATASTEEL,0.46292478781800545
BPCL,TCS,0.17571104414217342
BPCL,TECHM,0.20206687534114473
BPCL,TITAN,0.2751012218009286
BPCL,TRENT,0.21362023967800714
BPCL,ULTRACEMCO,0.40196421178758895
BPCL,WIPRO,0.21232550825782875
BRITANNIA,CIPLA,0.14987951217543163
BRITANNIA,COALINDIA,0.07717370960130025
BRITANNIA,DRREDDY,0.18641877976393476
BRITANNIA,EICHERMOT,0.10611725516964918
BRITANNIA,GRASIM,0.21853290353277252
BRITANNIA,HCLTECH,0.11756620854161991
BRITANNIA,HDFCBANK,0.0699793407580061
BRITANNIA,HDFCLIFE,-0.0005613642148985092
BRITANNIA,HEROMOTOCO,0.1848054405566209
BRITANNIA,HINDALCO,0.10408912712202846
BRITANNIA,HINDUNILVR,0.4682775769837719
BRITANNIA,ICICIBANK,0.04673935319889683
BRITANNIA,INDUSINDBK,0.11777728352345836
BRITANNIA,INFY,0.1068123611129555
BRITANNIA,ITC,0.3764320259602782
BRITANNIA,JSWSTEEL,0.19550198183044007
BRITANNIA,KOTAKBANK,0.22541061074360644
BRITANNIA,LT,0.09266618138529899
BRITANNIA,M&M,0.1267475099240689
BRITANNIA,MARUTI,0.17403496309400188
BRITANNIA,NESTLEIND,0.46375300779061585
BRITANNIA,NTPC,0.07921370004155852
BRITANNIA,ONGC,0.03904983878491411
BRITANNIA,POWERGRID,-0.026386825089980054
BRITANNIA,RELIANCE,0.13755103366964141
BRITANNIA,SBILIFE,0.08856183245064944
BRITANNIA,SBIN,-0.001197768220706155
BRITANNIA,SHRIRAMFIN,0.11641822812442604
BRITANNIA,SUNPHARMA,0.18805996416909
BRITANNIA,TATACONSUM,0.40503974960256744
BRITANNIA,TATAMOTORS,0.10910608222889535
BRITANNIA,TATASTEEL,0.11888157089774429
BRITANNIA,TCS,0.11774422086567672
BRITANNIA,TECHM,0.12978496192040162
BRITANNIA,TITAN,0.07313511029326428
BRITANNIA,TRENT,0.03455000758394042
BRITANNIA,ULTRACEMCO,0.1819180780184429
BRITANNIA,WIPRO,0.16921107759860335
CIPLA,COALINDIA,0.08717623376203339
CIPLA,DRREDDY,0.4123561694806374
CIPLA,EICHERMOT,0.08231193627494399
CIPLA,GRASIM,0.16781283484049073
CIPLA,HCLTECH,0.0549661960586854
CIPLA,HDFCBANK,-0.031956757627944525
CIPLA,HDFCLIFE,0.0871384231161204
CIPLA,HEROMOTOCO,0.14866029019197635
CIPLA,HINDALCO,0.09798162126494785
CIPLA,HINDUNILVR,0.04208099925021227
CIPLA,ICICIBANK,0.08206310618700996
CIPLA,INDUSINDBK,0.04621096442445284
CIPLA,INFY,0.06345804009356905
CIPLA,ITC,0.12783606645500914
CIPLA,JSWSTEEL,0.16178982947735146
CIPLA,KOTAKBANK,0.03628688975164326
CIPLA,LT,0.15876902959834469
CIPLA,M&M,0.174644369086789
CIPLA,MARUTI,0.0794693501982874
CIPLA,NESTLEIND,0.11614523675289971
CIPLA,NTPC,0.09266814612294047
CIPLA,ONGC,0.033812740771443264
CIPLA,POWERGRID,0.12998498942948233
CIPLA,RELIANCE,0.058450115904938
CIPLA,SBILIFE,0.1299310659570677
CIPLA,SBIN,0.02825424298759969
CIPLA,SHRIRAMFIN,0.09816809385305036
CIPLA,SUNPHARMA,0.41497758334792956
CIPLA,TATACONSUM,0.07333004972968866
CIPLA,TATAMOTORS,0.0691681342910342
CIPLA,TATASTEEL,0.1312095351475317
CIPLA,TCS,0.07922282995012499
CIPLA,TECHM,0.052515136864232904
CIPLA,TITAN,0.10757639799313438
CIPLA,TRENT,0.13702067144863106
CIPLA,ULTRACEMCO,0.13360504971822365
CIPLA,WIPRO,0.08786607637191181
COALINDIA,DRREDDY,0.17968889358786308
COALINDIA,EICHERMOT,0.2955047281430312
COALINDIA,GRASIM,0.28164182913467833
COALINDIA,HCLTECH,0.18803620128139814
COALINDIA,HDFCBANK,0.26952239089815166
COALINDIA,HDFCLIFE,0.21135033346108498
COALINDIA,HEROMOTOCO,0.2519236967750328
COALINDIA,HINDALCO,0.3881269697652962
COALINDIA,HINDUNILVR,-0.03810993478133526
COALINDIA,ICICIBANK,0.2489147954380987
COALINDIA,INDUSINDBK,0.34334441455691916
COALINDIA,INFY,0.11782529258031958
COALINDIA,ITC,0.24427472984351212
COALINDIA,JSWSTEEL,0.4401883764811972
COALINDIA,KOTAKBANK,0.22896198085323802
COALINDIA,LT,0.4889756215944
COALINDIA,M&M,0.29070211744082114
COALINDIA,MARUTI,0.2802335032805781
COALINDIA,NESTLEIND,0.08374299396660806
COALINDIA,NTPC,0.6179243525169692
COALINDIA,ONGC,0.6479053681655147
COALINDIA,POWERGRID,0.5342388362865312
COALINDIA,RELIANCE,0.5069973681601514
COALINDIA,SBILIFE,0.25390953345731204
COALINDIA,SBIN,0.5161910101854011
COALINDIA,SHRIRAMFIN,0.42648593573418264
COALINDIA,SUNPHARMA,0.17797020553688545
COALINDIA,TATACONSUM,0.21316725572065218
COALINDIA,TATAMOTORS,0.4064668759920079
COALINDIA,TATASTEEL,0.5354626623052658
COALINDIA,TCS,0.09549810316938183
COALINDIA,TECHM,0.17849873583899492
COALINDIA,TITAN,0.23836826877517633
COALINDIA,TRENT,0.25514825336672015
COALINDIA,ULTRACEMCO,0.3214794246095014
COALINDIA,WIPRO,0.23606452092083993
DRREDDY,EICHERMOT,0.13823526316039186
DRREDDY,GRASIM,0.2527300476080784
DRREDDY,HCLTECH,0.22987040851892554
DRREDDY,HDFCBANK,0.13950825108207623
DRREDDY,HDFCLIFE,0.12267253915431617
DRREDDY,HEROMOTOCO,0.1412513338776132
DRREDDY,HINDALCO,0.20767548086366425
DRREDDY,HINDUNILVR,0.16335830271998683
DRREDDY,ICICIBANK,0.034950329401930394
DRREDDY,INDUSINDBK,0.08647163608154516
DRREDDY,INFY,0.2427375601476648
DRREDDY,ITC,0.18606753109447752
DRREDDY,JSWSTEEL,0.24438173009586556
DRREDDY,KOTAKBANK,-0.049869046655168725
DRREDDY,LT,0.12519340952933783
DRREDDY,M&M,0.22776914821769959
DRREDDY,MARUTI,0.13843981375080588
DRREDDY,NESTLEIND,0.21802502334670035
DRREDDY,NTPC,0.209308401227315
DRREDDY,ONGC,0.18102631100660851
DRREDDY,POWERGRID,0.19072864326462263
DRREDDY,RELIANCE,0.16035139395232653
DRREDDY,SBILIFE,0.20473022439360533
DRREDDY,SBIN,0.13833324512902834
DRREDDY,SHRIRAMFIN,0.14137444186375567
DRREDDY,SUNPHARMA,0.3967444825368891
DRREDDY,TATACONSUM,0.11067832400010881
DRREDDY,TATAMOTORS,0.20023124610153378
DRREDDY,TATASTEEL,0.20727970574135382
DRREDDY,TCS,0.22331505361766923
DRREDDY,TECHM,0.2201635916854101
DRREDDY,TITAN,0.14002093991227157
DRREDDY,TRENT,0.16911641182857745
DRREDDY,ULTRACEMCO,0.2516910004503119
DRREDDY,WIPRO,0.27995732449548566
EICHERMOT,GRASIM,0.37916475189290905
EICHERMOT,HCLTECH,0.178189659431778
EICHERMOT,HDFCBANK,0.28658602759255797
EICHERMOT,HDFCLIFE,0.23617396250826997
EICHERMOT,HEROMOTOCO,0.27061608829967265
EICHERMOT,HINDALCO,0.27661192635117093
EICHERMOT,HINDUNILVR,0.12000987992646553
EICHERMOT,ICICIBANK,0.35168111731436974
EICHERMOT,INDUSINDBK,0.267336431342616
EICHERMOT,INFY,0.13313152924468394
EICHERMOT,ITC,0.2628749659480722
EICHERMOT,JSWSTEEL,0.3294076015604931
EICHERMOT,KOTAKBANK,0.24032421290886666
EICHERMOT,LT,0.33742119711984
EICHERMOT,M&M,0.35601280197958246
EICHERMOT,MARUTI,0.3886190583246548
EICHERMOT,NESTLEIND,0.1334152009611202
EICHERMOT,NTPC,0.2713254879766218
EICHERMOT,ONGC,0.24045169743823014
EICHERMOT,POWERGRID,0.21538269556858683
EICHERMOT,RELIANCE,0.3361430825726187
EICHERMOT,SBILIFE,0.31198956502331054
EICHERMOT,SBIN,0.31492519691036885
EICHERMOT,SHRIRAMFIN,0.3659552783322302
EICHERMOT,SUNPHARMA,0.17600973540366605
EICHERMOT,TATACONSUM,0.17250501701309123
EICHERMOT,TATAMOTORS,0.31685025138494166
EICHERMOT,TATASTEEL,0.31458577480584377
EICHERMOT,TCS,0.1440783585122584
EICHERMOT,TECHM,0.19002737273146833
EICHERMOT,TITAN,0.26822200372841565
EICHERMOT,TRENT,0.2354888466633901
EICHERMOT,ULTRACEMCO,0.3046148644901
EICHERMOT,WIPRO,0.2625965906531672
GRASIM,HCLTECH,0.15937286990783459
GRASIM,HDFCBANK,0.3007585311814689
GRASIM,HDFCLIFE,0.2541786960836109
GRASIM,HEROMOTOCO,0.28773436416216813
GRASIM,HINDALCO,0.4373846944583341
GRASIM,HINDUNILVR,0.1676120854776989
GRASIM,ICICIBANK,0.40555676346971714
GRASIM,INDUSINDBK,0.34196902789260025
GRASIM,INFY,0.18368445295504995
GRASIM,ITC,0.27875954707177514
GRASIM,JSWSTEEL,0.5080267222239364
GRASIM,KOTAKBANK,0.24639108032425514
GRASIM,LT,0.35402722013266297
GRASIM,M&M,0.30862654180778454
GRASIM,MARUTI,0.29583104145276956
GRASIM,NESTLEIND,0.26312085872945096
GRASIM,NTPC,0.3996673900634053
GRASIM,ONGC,0.3259837437026896
GRASIM,POWERGRID,0.35927660337194506
GRASIM,RELIANCE,0.4028798612069588
GRASIM,SBILIFE,0.25064072998827575
GRASIM,SBIN,0.4307909563660354
GRASIM,SHRIRAMFIN,0.3583098157099546
GRASIM,SUNPHARMA,0.21869898944187918
GRASIM,TATACONSUM,0.28308406911509526
GRASIM,TATAMOTORS,0.33650251346479
GRASIM,TATASTEEL,0.46369296858458003
GRASIM,TCS,0.18019430185460417
GRASIM,TECHM,0.17550370745881397
GRASIM,TITAN,0.3682975572276234
GRASIM,TRENT,0.242160082249971
GRASIM,ULTRACEMCO,0.5903047690423184
GRASIM,WIPRO,0.24532237213317923
HCLTECH,HDFCBANK,0.045239194692260336
HCLTECH,HDFCLIFE,0.127734234032887
HCLTECH,HEROMOTOCO,0.1326986273204163
HCLTECH,HINDALCO,0.25429335771484124
HCLTECH,HINDUNILVR,0.12315695896108261
HCLTECH,ICICIBANK,0.10812259491853939
HCLTECH,INDUSINDBK,0.12140392959883853
HCLTECH,INFY,0.6898856085254473
HCLTECH,ITC,0.17798753225256836
HCLTECH,JSWSTEEL,0.2555139451689829
HCLTECH,KOTAKBANK,0.12304978336701483
HCLTECH,LT,0.22516416067389494
HCLTECH,M&M,0.1988694762868511
HCLTECH,MARUTI,0.21411346749898968
HCLTECH,NESTLEIND,0.10228112732423125
HCLTECH,NTPC,0.16321341004155931
HCLTECH,ONGC,0.21967977561667104
HCLTECH,POWERGRID,0.11770494219269298
HCLTECH,RELIANCE,0.2767252951985803
HCLTECH,SBILIFE,0.20825582563629508
HCLTECH,SBIN,0.2131001975435742
HCLTECH,SHRIRAMFIN,0.23349480609345638
HCLTECH,SUNPHARMA,0.15699080474212404
HCLTECH,TATACONSUM,0.2096666657730405
HCLTECH,TATAMOTORS,0.26961733672154126
HCLTECH,TATASTEEL,0.26882417294124883
HCLTECH,TCS,0.6291738557608496
HCLTECH,TECHM,0.5485653396648721
HCLTECH,TITAN,0.1994722690009291
HCLTECH,TRENT,0.20850833864142562
HCLTECH,ULTRACEMCO,0.20593930292220194
HCLTECH,WIPRO,0.5808892241585917
HDFCBANK,HDFCLIFE,0.2218893416517621
HDFCBANK,HEROMOTOCO,0.10796947193528067
HDFCBANK,HINDALCO,0.2621963418683326
HDFCBANK,HINDUNILVR,0.07931743909853191
HDFCBANK,ICICIBANK,0.4335559372639682
HDFCBANK,INDUSINDBK,0.36639161912284707
HDFCBANK,INFY,0.11021423056118977
HDFCBANK,ITC,0.16713485307722759
HDFCBANK,JSWSTEEL,0.3693762230255223
HDFCBANK,KOTAKBANK,0.42331236095856833
HDFCBANK,LT,0.34556319093568505
HDFCBANK,M&M,0.3312559526590489
HDFCBANK,MARUTI,0.23819955456376182
HDFCBANK,NESTLEIND,0.08011635279132123
HDFCBANK,NTPC,0.3391145988799158
HDFCBANK,ONGC,0.2807307875468611
HDFCBANK,POWERGRID,0.3141956228541455
HDFCBANK,RELIANCE,0.313871515213835
HDFCBANK,SBILIFE,0.21245556254988485
HDFCBANK,SBIN,0.3577395411682598
HDFCBANK,SHRIRAMFIN,0.3333156379108613
HDFCBANK,SUNPHARMA,0.07219210273388624
HDFCBANK,TATACONSUM,0.10873213896990268
HDFCBANK,TATAMOTORS,0.20512067563527195
HDFCBANK,TATASTEEL,0.38081769644480723
HDFCBANK,TCS,0.04544881559238231
HDFCBANK,TECHM,0.20486369005974983
HDFCBANK,TITAN,0.18805342337942876
HDFCBANK,TRENT,0.10317814458297074
HDFCBANK,ULTRACEMCO,0.3603526246794281
HDFCBANK,WIPRO,0.19378059236498923
HDFCLIFE,HEROMOTOCO,0.21770291986080537
HDFCLIFE,HINDALCO,0.2020048934351656
HDFCLIFE,HINDUNILVR,0.1366726758835165
HDFCLIFE,ICICIBANK,0.19830891592694577
HDFCLIFE,INDUSINDBK,0.18155045744901235
HDFCLIFE,INFY,0.07318920059160366
HDFCLIFE,ITC,0.19743055694682313
HDFCLIFE,JSWSTEEL,0.2580924977875438
HDFCLIFE,KOTAKBANK,0.20956029448433297
HDFCLIFE,LT,0.25811474588173283
HDFCLIFE,M&M,0.21145270128881172
HDFCLIFE,MARUTI,0.24996374984754863
HDFCLIFE,NESTLEIND,0.12411314640305118
HDFCLIFE,NTPC,0.20676063133290928
HDFCLIFE,ONGC,0.20552032040600104
HDFCLIFE,POWERGRID,0.11666777675030636
HDFCLIFE,RELIANCE,0.22174383211550178
HDFCLIFE,SBILIFE,0.5965750070507444
HDFCLIFE,SBIN,0.2197918048398289
HDFCLIFE,SHRIRAMFIN,0.30499247545167296
HDFCLIFE,SUNPHARMA,0.16865813163342888
HDFCLIFE,TATACONSUM,0.21434910351359127
HDFCLIFE,TATAMOTORS,0.22423895396380447
HDFCLIFE,TATASTEEL,0.2752160907379398
HDFCLIFE,TCS,0.11553745124250847
HDFCLIFE,TECHM,0.11965438184651418
HDFCLIFE,TITAN,0.22664329673332728
HDFCLIFE,TRENT,0.20222451503169828
HDFCLIFE,ULTRACEMCO,0.24190893466468646
HDFCLIFE,WIPRO,0.1943576018925367
HEROMOTOCO,HINDALCO,0.23237891001902541
HEROMOTOCO,HINDUNILVR,0.2059980068218715
HEROMOTOCO,ICICIBANK,0.14221038457278004
HEROMOTOCO,INDUSINDBK,0.20282807623457882
HEROMOTOCO,INFY,0.10499857466694316
HEROMOTOCO,ITC,0.10883347488917768
HEROMOTOCO,JSWSTEEL,0.21287074534301928
HEROMOTOCO,KOTAKBANK,0.14551762905280005
HEROMOTOCO,LT,0.20090413116644368
HEROMOTOCO,M&M,0.3614390173984894
HEROMOTOCO,MARUTI,0.2941669126559645
HEROMOTOCO,NESTLEIND,0.24470449637911448
HEROMOTOCO,NTPC,0.14909708675823843
HEROMOTOCO,ONGC,0.1974408591810064
HEROMOTOCO,POWERGRID,0.13828584530995044
HEROMOTOCO,RELIANCE,0.2444523033456045
HEROMOTOCO,SBILIFE,0.20214899515468054
HEROMOTOCO,SBIN,0.1371077408012201
HEROMOTOCO,SHRIRAMFIN,0.25786881430653175
HEROMOTOCO,SUNPHARMA,0.22123995714571545
HEROMOTOCO,TATACONSUM,0.21247447229316027
HEROMOTOCO,TATAMOTORS,0.29100893472565803
HEROMOTOCO,TATASTEEL,0.28787050115870433
HEROMOTOCO,TCS,0.1090186877002682
HEROMOTOCO,TECHM,0.11179610123178521
HEROMOTOCO,TITAN,0.30247372326858263
HEROMOTOCO,TRENT,0.21955273753396412
HEROMOTOCO,ULTRACEMCO,0.2958019286162399
HEROMOTOCO,WIPRO,0.20501872957735645
HINDALCO,HINDUNILVR,0.07536361038027431
HINDALCO,ICICIBANK,0.17697440536214293
HINDALCO,INDUSINDBK,0.2788236357139359
HINDALCO,INFY,0.17866100133543425
HINDALCO,ITC,0.14560411759143935
HINDALCO,JSWSTEEL,0.6094558209916137
HINDALCO,KOTAKBANK,0.2027652476268418
HINDALCO,LT,0.33091425744215236
HINDALCO,M&M,0.2975603196207961
HINDALCO,MARUTI,0.2862438759212954
HINDALCO,NESTLEIND,0.10955129707584742
HINDALCO,NTPC,0.3586746813007164
HINDALCO,ONGC,0.40996585246335043
HINDALCO,POWERGRID,0.37635593553012137
HINDALCO,RELIANCE,0.3317246857797378
HINDALCO,SBILIFE,0.17913288073847028
HINDALCO,SBIN,0.34078032211756515
HINDALCO,SHRIRAMFIN,0.31733642662274597
HINDALCO,SUNPHARMA,0.25483477275322314
HINDALCO,TATACONSUM,0.18107316893669326
HINDALCO,TATAMOTORS,0.3651140634502514
HINDALCO,TATASTEEL,0.6301222223963007
HINDALCO,TCS,0.161251346782799
HINDALCO,TECHM,0.23667334370311097
HINDALCO,TITAN,0.2494686600535319
HINDALCO,TRENT,0.26909224774014023
HINDALCO,ULTRACEMCO,0.3138374436514406
HINDALCO,WIPRO,0.26249190954685403
HINDUNILVR,ICICIBANK,0.00101076012883321
HINDUNILVR,INDUSINDBK,0.08182117927210006
HINDUNILVR,INFY,0.16415634261754083
HINDUNILVR,ITC,0.32504718769847124
HINDUNILVR,JSWSTEEL,0.141453846869619
HINDUNILVR,KOTAKBANK,0.1667077655603296
HINDUNILVR,LT,0.024993976329582467
HINDUNILVR,M&M,0.13015680132551072
HINDUNILVR,MARUTI,0.14804171253351397
HINDUNILVR,NESTLEIND,0.4640846736098615
HINDUNILVR,NTPC,-0.047495534423548966
HINDUNILVR,ONGC,-0.016732969537573996
HINDUNILVR,POWERGRID,-0.07773819132735567
HINDUNILVR,RELIANCE,0.09257641218277714
HINDUNILVR,SBILIFE,0.261150441724742
HINDUNILVR,SBIN,-0.05990948575773223
HINDUNILVR,SHRIRAMFIN,0.03294591290758263
HINDUNILVR,SUNPHARMA,0.05133408834942551
HINDUNILVR,TATACONSUM,0.4120651460722406
HINDUNILVR,TATAMOTORS,0.08802670792359563
HINDUNILVR,TATASTEEL,0.08473805008772814
HINDUNILVR,TCS,0.14534099034150783
HINDUNILVR,TECHM,0.13129762269321404
HINDUNILVR,TITAN,0.18747837112273041
HINDUNILVR,TRENT,0.08390279430198735
HINDUNILVR,ULTRACEMCO,0.16510450361196718
HINDUNILVR,WIPRO,0.18540370977144136
ICICIBANK,INDUSINDBK,0.3552925257251113
ICICIBANK,INFY,0.20086400875920885
ICICIBANK,ITC,0.3149704969380645
ICICIBANK,JSWSTEEL,0.3805798056680939
ICICIBANK,KOTAKBANK,0.44402465092605475
ICICIBANK,LT,0.4188185662802048
ICICIBANK,M&M,0.31582989281961144
ICICIBANK,MARUTI,0.2316884643236587
ICICIBANK,NESTLEIND,0.09304061902557814
ICICIBANK,NTPC,0.35882362816881486
ICICIBANK,ONGC,0.27810916056134327
ICICIBANK,POWERGRID,0.29852010820236
ICICIBANK,RELIANCE,0.39658213409202636
ICICIBANK,SBILIFE,0.21354628733885725
ICICIBANK,SBIN,0.5174109408996558
ICICIBANK,SHRIRAMFIN,0.4501232891441936
ICICIBANK,SUNPHARMA,0.20339321740865396
ICICIBANK,TATACONSUM,0.1207343350741456
ICICIBANK,TATAMOTORS,0.19994138537930803
ICICIBANK,TATASTEEL,0.3453567912401844
ICICIBANK,TCS,0.16677049814567105
ICICIBANK,TECHM,0.1690964818799067
ICICIBANK,TITAN,0.1465276038147615
ICICIBANK,TRENT,0.12263103755344353
ICICIBANK,ULTRACEMCO,0.43049932287529813
ICICIBANK,WIPRO,0.22202130366209424
INDUSINDBK,INFY,0.11092419349346296
INDUSINDBK,ITC,0.1751787165683466
INDUSINDBK,JSWSTEEL,0.4024210772462457
INDUSINDBK,KOTAKBANK,0.3260018225577702
INDUSINDBK,LT,0.4218761978695102
INDUSINDBK,M&M,0.3514569992549119
INDUSINDBK,MARUTI,0.30466895202455485
INDUSINDBK,NESTLEIND,0.17422649445840155
INDUSINDBK,NTPC,0.44568216606001987
INDUSINDBK,ONGC,0.3228582578268094
INDUSINDBK,POWERGRID,0.3297977898981122
INDUSINDBK,RELIANCE,0.395407575094018
INDUSINDBK,SBILIFE,0.22169449537601021
INDUSINDBK,SBIN,0.4517953753661264
INDUSINDBK,SHRIRAMFIN,0.4340182499399853
INDUSINDBK,SUNPHARMA,0.12228335644426579
INDUSINDBK,TATACONSUM,0.2734005566832241
INDUSINDBK,TATAMOTORS,0.3330718614238721
INDUSINDBK,TATASTEEL,0.3960886650160256
INDUSINDBK,TCS,0.08535540053815611
INDUSINDBK,TECHM,0.10278285280309288
INDUSINDBK,TITAN,0.24034617940032837
INDUSINDBK,TRENT,0.19814204707100339
INDUSINDBK,ULTRACEMCO,0.34462570531647685
INDUSINDBK,WIPRO,0.18621952745838952
INFY,ITC,0.2076107339673855
INFY,JSWSTEEL,0.21765026333184853
INFY,KOTAKBANK,0.16984213990977348
INFY,LT,0.2343529424023325
INFY,M&M,0.23449062687179967
INFY,MARUTI,0.12269073460723709
INFY,NESTLEIND,0.06919037203185277
INFY,NTPC,0.11972868243799188
INFY,ONGC,0.2283930971831699
INFY,POWERGRID,0.09263544354930696
INFY,RELIANCE,0.19958403203707772
INFY,SBILIFE,0.16509696494546594
INFY,SBIN,0.1784750572196454
INFY,SHRIRAMFIN,0.1712987413642754
INFY,SUNPHARMA,0.14366691339860974
INFY,TATACONSUM,0.24528775856406992
INFY,TATAMOTORS,0.1819431093219632
INFY,TATASTEEL,0.18106641270227333
INFY,TCS,0.7079601283232608
INFY,TECHM,0.6492982242328915
INFY,TITAN,0.21510850663809566
INFY,TRENT,0.15174200330446544
INFY,ULTRACEMCO,0.2248953694022635
INFY,WIPRO,0.5713765256058946
ITC,JSWSTEEL,0.31007694077554887
ITC,KOTAKBANK,0.24062919379865444
ITC,LT,0.24952290074984665
ITC,M&M,0.1963768808075006
ITC,MARUTI,0.2506235255929501
ITC,NESTLEIND,0.33148718379254977
ITC,NTPC,0.2358061763808961
ITC,ONGC,0.19614057516712385
ITC,POWERGRID,0.1354815304531876
ITC,RELIANCE,0.2956062458308432
ITC,SBILIFE,0.20757043342397405
ITC,SBIN,0.2631136629465255
ITC,SHRIRAMFIN,0.23589697411985514
ITC,SUNPHARMA,0.18713333560179138
ITC,TATACONSUM,0.3026935385261519
ITC,TATAMOTORS,0.18864602280367462
ITC,TATASTEEL,0.2573112611980416
ITC,TCS,0.15236148580238576
ITC,TECHM,0.21792009821456387
ITC,TITAN,0.3182796530941393
ITC,TRENT,0.15166510130670333
ITC,ULTRACEMCO,0.2602356193394553
ITC,WIPRO,0.23323375144965017
JSWSTEEL,KOTAKBANK,0.30537881205333767
JSWSTEEL,LT,0.4925595681868205
JSWSTEEL,M&M,0.418356866569254
JSWSTEEL,MARUTI,0.3703894327357829
JSWSTEEL,NESTLEIND,0.15785435045985347
JSWSTEEL,NTPC,0.5105137794200367
JSWSTEEL,ONGC,0.4413169258568126
JSWSTEEL,POWERGRID,0.45624891974820303
JSWSTEEL,RELIANCE,0.4224263425615197
JSWSTEEL,SBILIFE,0.2310094675986916
JSWSTEEL,SBIN,0.4510270428215497
JSWSTEEL,SHRIRAMFIN,0.4161353660100219
JSWSTEEL,SUNPHARMA,0.2525842351413038
JSWSTEEL,TATACONSUM,0.23561472987519924
JSWSTEEL,TATAMOTORS,0.40884522008130303
JSWSTEEL,TATASTEEL,0.794191210627691
JSWSTEEL,TCS,0.20946984107463956
JSWSTEEL,TECHM,0.26923536780201224
JSWSTEEL,TITAN,0.3221489779652643
JSWSTEEL,TRENT,0.2573889323625066
JSWSTEEL,ULTRACEMCO,0.5467832056568632
JSWSTEEL,WIPRO,0.36056694063893363
KOTAKBANK,LT,0.2780121579206826
KOTAKBANK,M&M,0.23764971367462426
KOTAKBANK,MARUTI,0.2188934740913695
KOTAKBANK,NESTLEIND,0.12366450531481435
KOTAKBANK,NTPC,0.2363383002560584
KOTAKBANK,ONGC,0.23558448603943147
KOTAKBANK,POWERGRID,0.19223228273853646
KOTAKBANK,RELIANCE,0.3510934542666304
KOTAKBANK,SBILIFE,0.2912663192683269
KOTAKBANK,SBIN,0.28131031997988953
KOTAKBANK,SHRIRAMFIN,0.28602018215504377
KOTAKBANK,SUNPHARMA,0.08915416395913836
KOTAKBANK,TATACONSUM,0.19744622922350286
KOTAKBANK,TATAMOTORS,0.16023317963689024
KOTAKBANK,TATASTEEL,0.2627412525032974
KOTAKBANK,TCS,0.11559755769184489
KOTAKBANK,TECHM,0.1747633395446801
KOTAKBANK,TITAN,0.1680632023849413
KOTAKBANK,TRENT,0.08106003215084698
KOTAKBANK,ULTRACEMCO,0.33475670780506284
KOTAKBANK,WIPRO,0.24582399799730942
LT,M&M,0.3590842196927527
LT,MARUTI,0.3344367926082696
LT,NESTLEIND,0.09249017269398271
LT,NTPC,0.5356849734780075
LT,ONGC,0.5423513999132392
LT,POWERGRID,0.4488427446902402
LT,RELIANCE,0.5348633330939894
LT,SBILIFE,0.330731646475713
LT,SBIN,0.5009851111187215
LT,SHRIRAMFIN,0.4574390973090356
LT,SUNPHARMA,0.16748068878491887
LT,TATACONSUM,0.16815383842962503
LT,TATAMOTORS,0.35309259922718117
LT,TATASTEEL,0.4838887908533416
LT,TCS,0.2171842447996389
LT,TECHM,0.21049249818177987
LT,TITAN,0.2319277403705162
LT,TRENT,0.1855721725407073
LT,ULTRACEMCO,0.4732688941680669
LT,WIPRO,0.32003211994891007
M&M,MARUTI,0.39910385242689633
M&M,NESTLEIND,0.2018540321867342
M&M,NTPC,0.3306163592547245
M&M,ONGC,0.2868798478387297
M&M,POWERGRID,0.2967091110688193
M&M,RELIANCE,0.300715337293765
M&M,SBILIFE,0.1999493326850813
M&M,SBIN,0.3212480962093399
M&M,SHRIRAMFIN,0.36530456690768387
M&M,SUNPHARMA,0.2864667927262016
M&M,TATACONSUM,0.16975446876017097
M&M,TATAMOTORS,0.40121053244125626
M&M,TATASTEEL,0.42743506084067473
M&M,TCS,0.1746788229502716
M&M,TECHM,0.22000983105706345
M&M,TITAN,0.2852478340845735
M&M,TRENT,0.2502514249821576
M&M,ULTRACEMCO,0.41904644116717527
M&M,WIPRO,0.3004240436076117
MARUTI,NESTLEIND,0.23880093493327428
MARUTI,NTPC,0.29720936139073734
MARUTI,ONGC,0.2878107115978351
MARUTI,POWERGRID,0.28763668305660756
MARUTI,RELIANCE,0.35118414031340905
MARUTI,SBILIFE,0.2954029743512964
MARUTI,SBIN,0.2876641267521043
MARUTI,SHRIRAMFIN,0.29120777892510996
MARUTI,SUNPHARMA,0.2009600700496003
MARUTI,TATACONSUM,0.20785362925765927
MARUTI,TATAMOTORS,0.4058705776372171
MARUTI,TATASTEEL,0.39585627054020567
MARUTI,TCS,0.16496183565146938
MARUTI,TECHM,0.14807287142246717
MARUTI,TITAN,0.33229508416770015
MARUTI,TRENT,0.18340009596871773
MARUTI,ULTRACEMCO,0.3492192607944326
MARUTI,WIPRO,0.20528494406753256
NESTLEIND,NTPC,0.0713679289802928
NESTLEIND,ONGC,0.03288236014432145
NESTLEIND,POWERGRID,0.08349236790479106
NESTLEIND,RELIANCE,0.18309705194809162
NESTLEIND,SBILIFE,0.18170260729451362
NESTLEIND,SBIN,0.029394276510732845
NESTLEIND,SHRIRAMFIN,0.13193882357673792
NESTLEIND,SUNPHARMA,0.14116532060575157
NESTLEIND,TATACONSUM,0.37573538376659166
NESTLEIND,TATAMOTORS,0.14705536651185364
NESTLEIND,TATASTEEL,0.10332088254762697
NESTLEIND,TCS,0.11451385109940529
NESTLEIND,TECHM,0.0549385141588795
NESTLEIND,TITAN,0.23688067623929224
NESTLEIND,TRENT,0.13661294561943602
NESTLEIND,ULTRACEMCO,0.2781635472129607
NESTLEIND,WIPRO,0.14971963176942488
NTPC,ONGC,0.6283474826497878
NTPC,POWERGRID,0.7119868441970487
NTPC,RELIANCE,0.549018824164014
NTPC,SBILIFE,0.2301893200493242
NTPC,SBIN,0.5900572722653092
NTPC,SHRIRAMFIN,0.47284983334553105
NTPC,SUNPHARMA,0.23083995220400966
NTPC,TATACONSUM,0.1871949780438357
NTPC,TATAMOTORS,0.4101031641469354
NTPC,TATASTEEL,0.5339688917958255
NTPC,TCS,0.11023013315362991
NTPC,TECHM,0.1902722504021102
NTPC,TITAN,0.33405620386273516
NTPC,TRENT,0.23647341036659628
NTPC,ULTRACEMCO,0.44878794776118713
NTPC,WIPRO,0.20328706311074748
ONGC,POWERGRID,0.5042340904645871
ONGC,RELIANCE,0.553753148918236
ONGC,SBILIFE,0.26238388909714744
ONGC,SBIN,0.5731888093802897
ONGC,SHRIRAMFIN,0.4468034078125386
ONGC,SUNPHARMA,0.22850189395764553
ONGC,TATACONSUM,0.1773160980130501
ONGC,TATAMOTORS,0.4370471636032621
ONGC,TATASTEEL,0.4919064952355999
ONGC,TCS,0.16834030942498363
ONGC,TECHM,0.2337607023176149
ONGC,TITAN,0.1927315448310079
ONGC,TRENT,0.21202370617028243
ONGC,ULTRACEMCO,0.40469808330008616
ONGC,WIPRO,0.2891712719458185
POWERGRID,RELIANCE,0.4753405664534322
POWERGRID,SBILIFE,0.15417592298111074
POWERGRID,SBIN,0.4944547566927341
POWERGRID,SHRIRAMFIN,0.35740301462731033
POWERGRID,SUNPHARMA,0.24688371954231345
POWERGRID,TATACONSUM,0.15104267495113124
POWERGRID,TATAMOTORS,0.355290308944142
POWERGRID,TATASTEEL,0.5024343712297193
POWERGRID,TCS,0.09765828705387576
POWERGRID,TECHM,0.1521429855702154
POWERGRID,TITAN,0.20863916899231136
POWERGRID,TRENT,0.20159480756976736
POWERGRID,ULTRACEMCO,0.39704493709937555
POWERGRID,WIPRO,0.1670944822932631
RELIANCE,SBILIFE,0.27987224898669216
RELIANCE,SBIN,0.546340610858043
RELIANCE,SHRIRAMFIN,0.44895472414174004
RELIANCE,SUNPHARMA,0.29319034191425564
RELIANCE,TATACONSUM,0.20780859574256524
RELIANCE,TATAMOTORS,0.38664157652770464
RELIANCE,TATASTEEL,0.44113771928383805
RELIANCE,TCS,0.24804906350484204
RELIANCE,TECHM,0.26615965599294467
RELIANCE,TITAN,0.3293416711976216
RELIANCE,TRENT,0.28280373922270474
RELIANCE,ULTRACEMCO,0.4904170314811378
RELIANCE,WIPRO,0.36438229272301725
SBILIFE,SBIN,0.2728674811809635
SBILIFE,SHRIRAMFIN,0.3353429260810814
SBILIFE,SUNPHARMA,0.13142457060857196
SBILIFE,TATACONSUM,0.2106743996346752
SBILIFE,TATAMOTORS,0.22439789583772826
SBILIFE,TATASTEEL,0.232174065636494
SBILIFE,TCS,0.17513790593950815
SBILIFE,TECHM,0.15477016929392975
SBILIFE,TITAN,0.21957100923520878
SBILIFE,TRENT,0.171090945173583
SBILIFE,ULTRACEMCO,0.26694405137915744
SBILIFE,WIPRO,0.24648262817236943
SBIN,SHRIRAMFIN,0.5103675733636
SBIN,SUNPHARMA,0.12340250577295943
SBIN,TATACONSUM,0.11767957636259488
SBIN,TATAMOTORS,0.3634845130726412
SBIN,TATASTEEL,0.48967055902838313
SBIN,TCS,0.16307954225228655
SBIN,TECHM,0.1940756759170528
SBIN,TITAN,0.22325578007311836
SBIN,TRENT,0.2769832544765006
SBIN,ULTRACEMCO,0.4257120827617717
SBIN,WIPRO,0.24379934432732084
SHRIRAMFIN,SUNPHARMA,0.21148840016181053
SHRIRAMFIN,TATACONSUM,0.1878846743340769
SHRIRAMFIN,TATAMOTORS,0.3626502026740541
SHRIRAMFIN,TATASTEEL,0.4369759761701925
SHRIRAMFIN,TCS,0.11390445377995918
SHRIRAMFIN,TECHM,0.22748296291573059
SHRIRAMFIN,TITAN,0.2547158511521906
SHRIRAMFIN,TRENT,0.22932027492528098
SHRIRAMFIN,ULTRACEMCO,0.4684615839117512
SHRIRAMFIN,WIPRO,0.298879349780149
SUNPHARMA,TATACONSUM,0.17245325063175648
SUNPHARMA,TATAMOTORS,0.30620956697690194
SUNPHARMA,TATASTEEL,0.26107331813511714
SUNPHARMA,TCS,0.14811431368630726
SUNPHARMA,TECHM,0.164677315224241
SUNPHARMA,TITAN,0.21433780672525904
SUNPHARMA,TRENT,0.25769680490614544
SUNPHARMA,ULTRACEMCO,0.2330291096067278
SUNPHARMA,WIPRO,0.1932129047860351
TATACONSUM,TATAMOTORS,0.18814763292050105
TATACONSUM,TATASTEEL,0.2258234628675013
TATACONSUM,TCS,0.2717087438318442
TATACONSUM,TECHM,0.21286797780281094
TATACONSUM,TITAN,0.3112811634475703
TATACONSUM,TRENT,0.18613962722740202
TATACONSUM,ULTRACEMCO,0.24507293735233504
TATACONSUM,WIPRO,0.24920294410282348
TATAMOTORS,TATASTEEL,0.513459142312674
TATAMOTORS,TCS,0.2490517431243028
TATAMOTORS,TECHM,0.2792561193168379
TATAMOTORS,TITAN,0.27435084802594256
TATAMOTORS,TRENT,0.2228647774009625
TATAMOTORS,ULTRACEMCO,0.3541439417662761
TATAMOTORS,WIPRO,0.3119950018149352
TATASTEEL,TCS,0.23594907777186214
TATASTEEL,TECHM,0.2837435094673181
TATASTEEL,TITAN,0.2934358257041237
TATASTEEL,TRENT,0.21886016949372297
TATASTEEL,ULTRACEMCO,0.47176581946223917
TATASTEEL,WIPRO,0.3318874632306382
TCS,TECHM,0.5790040338264814
TCS,TITAN,0.14551774736762724
TCS,TRENT,0.12258371109581784
TCS,ULTRACEMCO,0.23891733450618483
TCS,WIPRO,0.5915400424682719
TECHM,TITAN,0.2434158872849877
TECHM,TRENT,0.15164144208942978
TECHM,ULTRACEMCO,0.27026419458373346
TECHM,WIPRO,0.5994338715301661
TITAN,TRENT,0.19430881649173165
TITAN,ULTRACEMCO,0.35392082384886625
TITAN,WIPRO,0.25964934046987265
TRENT,ULTRACEMCO,0.29587137141781794
TRENT,WIPRO,0.15122887134253724
ULTRACEMCO,WIPRO,0.29181507030313963
